Spam |Lovely Spam| |Wonderful Spam|
Spam |Lovely Spam| |Wonderful Spam|
Spam |Lovely Spam| |Wonderful Spam|
Spam |Lovely Spam| |Wonderful Spam|
Spam |Lovely Spam| |Wonderful Spam|
Spam |Lovely Spam| |Wonderful Spam|
Spam |Lovely Spam| |Wonderful Spam|
Spam |Lovely Spam| |Wonderful Spam|
Spam |Lovely Spam| |Wonderful Spam|
Spam |Lovely Spam| |Wonderful Spam|
Spam |Lovely Spam| |Wonderful Spam|
Spam |Lovely Spam| |Wonderful Spam|
Spam |Lovely Spam| |Wonderful Spam|
Spam |Lovely Spam| |Wonderful Spam|
Spam |Lovely Spam| |Wonderful Spam|
Spam |Lovely Spam| |Wonderful Spam|
Spam |Lovely Spam| |Wonderful Spam|
Spam |Lovely Spam| |Wonderful Spam|
